graph_label,graph_family,method,n,m,max_degree,max_congestion,runtime_seconds,status
torus_10x10,custom/torus,kolman,100,200,4,28,5216.55,ok
torus_10x10,custom/torus,okamoto_exact,100,200,4,,,skipped_too_large
torus_3x10,custom/torus,kolman,30,60,4,6,18.22,ok
torus_3x10,custom/torus,okamoto_exact,30,60,4,,,skipped_too_large
torus_3x11,custom/torus,kolman,33,66,4,6,30.19,ok
torus_3x11,custom/torus,okamoto_exact,33,66,4,,,skipped_too_large
torus_3x12,custom/torus,kolman,36,72,4,8,39.67,ok
torus_3x12,custom/torus,okamoto_exact,36,72,4,,,skipped_too_large
torus_3x13,custom/torus,kolman,39,78,4,8,51.14,ok
torus_3x13,custom/torus,okamoto_exact,39,78,4,,,skipped_too_large
torus_3x14,custom/torus,kolman,42,84,4,8,70.82,ok
torus_3x14,custom/torus,okamoto_exact,42,84,4,,,skipped_too_large
torus_3x15,custom/torus,kolman,45,90,4,8,91.93,ok
torus_3x15,custom/torus,okamoto_exact,45,90,4,,,skipped_too_large
torus_3x16,custom/torus,kolman,48,96,4,8,119.47,ok
torus_3x16,custom/torus,okamoto_exact,48,96,4,,,skipped_too_large
torus_3x17,custom/torus,kolman,51,102,4,8,153.86,ok
torus_3x17,custom/torus,okamoto_exact,51,102,4,,,skipped_too_large
torus_3x18,custom/torus,kolman,54,108,4,6,185.95,ok
torus_3x18,custom/torus,okamoto_exact,54,108,4,,,skipped_too_large
torus_3x19,custom/torus,kolman,57,114,4,8,239.99,ok
torus_3x19,custom/torus,okamoto_exact,57,114,4,,,skipped_too_large
torus_3x20,custom/torus,kolman,60,120,4,8,282.13,ok
torus_3x20,custom/torus,okamoto_exact,60,120,4,,,skipped_too_large
torus_3x21,custom/torus,kolman,63,126,4,8,348.81,ok
torus_3x21,custom/torus,okamoto_exact,63,126,4,,,skipped_too_large
torus_3x22,custom/torus,kolman,66,132,4,8,441.63,ok
torus_3x22,custom/torus,okamoto_exact,66,132,4,,,skipped_too_large
torus_3x23,custom/torus,kolman,69,138,4,8,563.09,ok
torus_3x23,custom/torus,okamoto_exact,69,138,4,,,skipped_too_large
torus_3x24,custom/torus,kolman,72,144,4,8,736.78,ok
torus_3x24,custom/torus,okamoto_exact,72,144,4,,,skipped_too_large
torus_3x25,custom/torus,kolman,75,150,4,8,889.23,ok
torus_3x25,custom/torus,okamoto_exact,75,150,4,,,skipped_too_large
torus_3x26,custom/torus,kolman,78,156,4,8,1136.1,ok
torus_3x26,custom/torus,okamoto_exact,78,156,4,,,skipped_too_large
torus_3x27,custom/torus,kolman,81,162,4,8,1372.74,ok
torus_3x27,custom/torus,okamoto_exact,81,162,4,,,skipped_too_large
torus_3x28,custom/torus,kolman,84,168,4,8,1687.01,ok
torus_3x28,custom/torus,okamoto_exact,84,168,4,,,skipped_too_large
torus_3x29,custom/torus,kolman,87,174,4,8,2176.85,ok
torus_3x29,custom/torus,okamoto_exact,87,174,4,,,skipped_too_large
torus_3x3,custom/torus,kolman,9,18,4,6,0.0,ok
torus_3x3,custom/torus,okamoto_exact,9,18,4,6,0.01,ok
torus_3x30,custom/torus,kolman,90,180,4,8,2525.06,ok
torus_3x30,custom/torus,okamoto_exact,90,180,4,,,skipped_too_large
torus_3x31,custom/torus,kolman,93,186,4,8,3240.29,ok
torus_3x31,custom/torus,okamoto_exact,93,186,4,,,skipped_too_large
torus_3x32,custom/torus,kolman,96,192,4,8,3924.86,ok
torus_3x32,custom/torus,okamoto_exact,96,192,4,,,skipped_too_large
torus_3x33,custom/torus,kolman,99,198,4,6,5068.16,ok
torus_3x33,custom/torus,okamoto_exact,99,198,4,,,skipped_too_large
torus_3x4,custom/torus,kolman,12,24,4,6,0.0,ok
torus_3x4,custom/torus,okamoto_exact,12,24,4,6,0.35,ok
torus_3x5,custom/torus,kolman,15,30,4,6,0.01,ok
torus_3x5,custom/torus,okamoto_exact,15,30,4,6,13.74,ok
torus_3x6,custom/torus,kolman,18,36,4,6,0.06,ok
torus_3x6,custom/torus,okamoto_exact,18,36,4,6,503.34,ok
torus_3x7,custom/torus,kolman,21,42,4,6,4.59,ok
torus_3x7,custom/torus,okamoto_exact,21,42,4,,,skipped_too_large
torus_3x8,custom/torus,kolman,24,48,4,6,8.01,ok
torus_3x8,custom/torus,okamoto_exact,24,48,4,,,skipped_too_large
torus_3x9,custom/torus,kolman,27,54,4,6,12.23,ok
torus_3x9,custom/torus,okamoto_exact,27,54,4,,,skipped_too_large
torus_4x10,custom/torus,kolman,40,80,4,12,58.43,ok
torus_4x10,custom/torus,okamoto_exact,40,80,4,,,skipped_too_large
torus_4x11,custom/torus,kolman,44,88,4,10,80.03,ok
torus_4x11,custom/torus,okamoto_exact,44,88,4,,,skipped_too_large
torus_4x12,custom/torus,kolman,48,96,4,12,115.75,ok
torus_4x12,custom/torus,okamoto_exact,48,96,4,,,skipped_too_large
torus_4x13,custom/torus,kolman,52,104,4,12,160.58,ok
torus_4x13,custom/torus,okamoto_exact,52,104,4,,,skipped_too_large
torus_4x14,custom/torus,kolman,56,112,4,12,221.01,ok
torus_4x14,custom/torus,okamoto_exact,56,112,4,,,skipped_too_large
torus_4x15,custom/torus,kolman,60,120,4,12,307.74,ok
torus_4x15,custom/torus,okamoto_exact,60,120,4,,,skipped_too_large
torus_4x16,custom/torus,kolman,64,128,4,10,372.67,ok
torus_4x16,custom/torus,okamoto_exact,64,128,4,,,skipped_too_large
torus_4x17,custom/torus,kolman,68,136,4,10,547.93,ok
torus_4x17,custom/torus,okamoto_exact,68,136,4,,,skipped_too_large
torus_4x18,custom/torus,kolman,72,144,4,10,778.98,ok
torus_4x18,custom/torus,okamoto_exact,72,144,4,,,skipped_too_large
torus_4x19,custom/torus,kolman,76,152,4,12,997.61,ok
torus_4x19,custom/torus,okamoto_exact,76,152,4,,,skipped_too_large
torus_4x20,custom/torus,kolman,80,160,4,12,1334.08,ok
torus_4x20,custom/torus,okamoto_exact,80,160,4,,,skipped_too_large
torus_4x21,custom/torus,kolman,84,168,4,10,1795.75,ok
torus_4x21,custom/torus,okamoto_exact,84,168,4,,,skipped_too_large
torus_4x22,custom/torus,kolman,88,176,4,12,2282.58,ok
torus_4x22,custom/torus,okamoto_exact,88,176,4,,,skipped_too_large
torus_4x23,custom/torus,kolman,92,184,4,10,2914.61,ok
torus_4x23,custom/torus,okamoto_exact,92,184,4,,,skipped_too_large
torus_4x24,custom/torus,kolman,96,192,4,10,4572.91,ok
torus_4x24,custom/torus,okamoto_exact,96,192,4,,,skipped_too_large
torus_4x25,custom/torus,kolman,100,200,4,12,6178.07,ok
torus_4x25,custom/torus,okamoto_exact,100,200,4,,,skipped_too_large
torus_4x4,custom/torus,kolman,16,32,4,8,0.01,ok
torus_4x4,custom/torus,okamoto_exact,16,32,4,8,48.16,ok
torus_4x5,custom/torus,kolman,20,40,4,10,0.15,ok
torus_4x5,custom/torus,okamoto_exact,20,40,4,,,skipped_too_large
torus_4x6,custom/torus,kolman,24,48,4,10,8.22,ok
torus_4x6,custom/torus,okamoto_exact,24,48,4,,,skipped_too_large
torus_4x7,custom/torus,kolman,28,56,4,10,14.9,ok
torus_4x7,custom/torus,okamoto_exact,28,56,4,,,skipped_too_large
torus_4x8,custom/torus,kolman,32,64,4,10,23.39,ok
torus_4x8,custom/torus,okamoto_exact,32,64,4,,,skipped_too_large
torus_4x9,custom/torus,kolman,36,72,4,10,42.18,ok
torus_4x9,custom/torus,okamoto_exact,36,72,4,,,skipped_too_large
torus_5x10,custom/torus,kolman,50,100,4,14,136.26,ok
torus_5x10,custom/torus,okamoto_exact,50,100,4,,,skipped_too_large
torus_5x11,custom/torus,kolman,55,110,4,14,204.51,ok
torus_5x11,custom/torus,okamoto_exact,55,110,4,,,skipped_too_large
torus_5x12,custom/torus,kolman,60,120,4,14,293.41,ok
torus_5x12,custom/torus,okamoto_exact,60,120,4,,,skipped_too_large
torus_5x13,custom/torus,kolman,65,130,4,14,414.3,ok
torus_5x13,custom/torus,okamoto_exact,65,130,4,,,skipped_too_large
torus_5x14,custom/torus,kolman,70,140,4,14,652.45,ok
torus_5x14,custom/torus,okamoto_exact,70,140,4,,,skipped_too_large
torus_5x15,custom/torus,kolman,75,150,4,14,958.18,ok
torus_5x15,custom/torus,okamoto_exact,75,150,4,,,skipped_too_large
torus_5x16,custom/torus,kolman,80,160,4,12,1287.67,ok
torus_5x16,custom/torus,okamoto_exact,80,160,4,,,skipped_too_large
torus_5x17,custom/torus,kolman,85,170,4,14,1895.18,ok
torus_5x17,custom/torus,okamoto_exact,85,170,4,,,skipped_too_large
torus_5x18,custom/torus,kolman,90,180,4,14,2531.38,ok
torus_5x18,custom/torus,okamoto_exact,90,180,4,,,skipped_too_large
torus_5x19,custom/torus,kolman,95,190,4,14,3515.44,ok
torus_5x19,custom/torus,okamoto_exact,95,190,4,,,skipped_too_large
torus_5x20,custom/torus,kolman,100,200,4,14,5405.64,ok
torus_5x20,custom/torus,okamoto_exact,100,200,4,,,skipped_too_large
torus_5x5,custom/torus,kolman,25,50,4,12,9.62,ok
torus_5x5,custom/torus,okamoto_exact,25,50,4,,,skipped_too_large
torus_5x6,custom/torus,kolman,30,60,4,12,18.29,ok
torus_5x6,custom/torus,okamoto_exact,30,60,4,,,skipped_too_large
torus_5x7,custom/torus,kolman,35,70,4,14,32.73,ok
torus_5x7,custom/torus,okamoto_exact,35,70,4,,,skipped_too_large
torus_5x8,custom/torus,kolman,40,80,4,12,60.05,ok
torus_5x8,custom/torus,okamoto_exact,40,80,4,,,skipped_too_large
torus_5x9,custom/torus,kolman,45,90,4,14,87.97,ok
torus_5x9,custom/torus,okamoto_exact,45,90,4,,,skipped_too_large
torus_6x10,custom/torus,kolman,60,120,4,16,285.04,ok
torus_6x10,custom/torus,okamoto_exact,60,120,4,,,skipped_too_large
torus_6x11,custom/torus,kolman,66,132,4,14,463.98,ok
torus_6x11,custom/torus,okamoto_exact,66,132,4,,,skipped_too_large
torus_6x12,custom/torus,kolman,72,144,4,16,780.26,ok
torus_6x12,custom/torus,okamoto_exact,72,144,4,,,skipped_too_large
torus_6x13,custom/torus,kolman,78,156,4,16,1105.76,ok
torus_6x13,custom/torus,okamoto_exact,78,156,4,,,skipped_too_large
torus_6x14,custom/torus,kolman,84,168,4,16,1767.03,ok
torus_6x14,custom/torus,okamoto_exact,84,168,4,,,skipped_too_large
torus_6x15,custom/torus,kolman,90,180,4,16,2544.15,ok
torus_6x15,custom/torus,okamoto_exact,90,180,4,,,skipped_too_large
torus_6x16,custom/torus,kolman,96,192,4,14,3698.85,ok
torus_6x16,custom/torus,okamoto_exact,96,192,4,,,skipped_too_large
torus_6x6,custom/torus,kolman,36,72,4,22,43.05,ok
torus_6x6,custom/torus,okamoto_exact,36,72,4,,,skipped_too_large
torus_6x7,custom/torus,kolman,42,84,4,14,68.8,ok
torus_6x7,custom/torus,okamoto_exact,42,84,4,,,skipped_too_large
torus_6x8,custom/torus,kolman,48,96,4,14,118.84,ok
torus_6x8,custom/torus,okamoto_exact,48,96,4,,,skipped_too_large
torus_6x9,custom/torus,kolman,54,108,4,16,196.08,ok
torus_6x9,custom/torus,okamoto_exact,54,108,4,,,skipped_too_large
torus_7x10,custom/torus,kolman,70,140,4,18,622.54,ok
torus_7x10,custom/torus,okamoto_exact,70,140,4,,,skipped_too_large
torus_7x11,custom/torus,kolman,77,154,4,18,1040.03,ok
torus_7x11,custom/torus,okamoto_exact,77,154,4,,,skipped_too_large
torus_7x12,custom/torus,kolman,84,168,4,18,1697.56,ok
torus_7x12,custom/torus,okamoto_exact,84,168,4,,,skipped_too_large
torus_7x13,custom/torus,kolman,91,182,4,18,2780.13,ok
torus_7x13,custom/torus,okamoto_exact,91,182,4,,,skipped_too_large
torus_7x14,custom/torus,kolman,98,196,4,18,4404.12,ok
torus_7x14,custom/torus,okamoto_exact,98,196,4,,,skipped_too_large
torus_7x7,custom/torus,kolman,49,98,4,18,128.65,ok
torus_7x7,custom/torus,okamoto_exact,49,98,4,,,skipped_too_large
torus_7x8,custom/torus,kolman,56,112,4,18,226.99,ok
torus_7x8,custom/torus,okamoto_exact,56,112,4,,,skipped_too_large
torus_7x9,custom/torus,kolman,63,126,4,16,357.99,ok
torus_7x9,custom/torus,okamoto_exact,63,126,4,,,skipped_too_large
torus_8x10,custom/torus,kolman,80,160,4,18,1284.58,ok
torus_8x10,custom/torus,okamoto_exact,80,160,4,,,skipped_too_large
torus_8x11,custom/torus,kolman,88,176,4,20,2325.63,ok
torus_8x11,custom/torus,okamoto_exact,88,176,4,,,skipped_too_large
torus_8x12,custom/torus,kolman,96,192,4,20,3766.28,ok
torus_8x12,custom/torus,okamoto_exact,96,192,4,,,skipped_too_large
torus_8x8,custom/torus,kolman,64,128,4,24,388.66,ok
torus_8x8,custom/torus,okamoto_exact,64,128,4,,,skipped_too_large
torus_8x9,custom/torus,kolman,72,144,4,18,710.31,ok
torus_8x9,custom/torus,okamoto_exact,72,144,4,,,skipped_too_large
torus_9x10,custom/torus,kolman,90,180,4,22,2588.42,ok
torus_9x10,custom/torus,okamoto_exact,90,180,4,,,skipped_too_large
torus_9x11,custom/torus,kolman,99,198,4,22,5275.99,ok
torus_9x11,custom/torus,okamoto_exact,99,198,4,,,skipped_too_large
torus_9x9,custom/torus,kolman,81,162,4,24,1414.16,ok
torus_9x9,custom/torus,okamoto_exact,81,162,4,,,skipped_too_large
